{
  "p50_us": 1699.2473974823952,
  "p95_us": 1862.5356256961823,
  "p99_us": 1956.194005906582,
  "ratio_p99_p50": 1.1512120064476068,
  "threshold_ratio": 10.0,
  "passed": true
}