{
  "tpd": 128,
  "n_docs": 50,
  "build_time_s": 0.09373762458562851,
  "p99_latency_us": 1168.1630089879036,
  "passed": true
}