{
  "tpd": 1024,
  "n_docs": 50,
  "build_time_s": 1.5417192168533802,
  "p99_latency_us": 11279.430910944937,
  "passed": true
}