{
  "tpd": 32,
  "n_docs": 200,
  "build_time_s": 0.23490744084119797,
  "p99_latency_us": 909.1327525675292,
  "passed": true
}