{
  "n_hard_queries": 354,
  "mean_recall_at_10": 1.0,
  "p99_latency_us": 3689.554929733276,
  "median_latency_us": 2336.3055661320686,
  "threshold": 0.15,
  "passed": true
}