{
  "benchmark": "screener_sandbox",
  "config": {
    "doc_counts": "1000,5000,10000",
    "dim": 128,
    "query_tokens": 32,
    "doc_tokens": 256,
    "candidate_budget": 100,
    "n_queries": 20,
    "output": "honest_results.json",
    "device": "cuda"
  },
  "runs": [
    {
      "n_docs": 1000,
      "dim": 128,
      "query_tokens": 32,
      "doc_tokens": 256,
      "candidate_budget": 100,
      "reference_maxsim": {
        "timing": {
          "median_ms": 1.1865347623825073,
          "min_ms": 1.1829957365989685,
          "max_ms": 1.4373287558555603,
          "runs_ms": [
            1.4373287558555603,
            1.1829957365989685,
            1.1865347623825073
          ]
        },
        "top_1_id": "doc-000068"
      },
      "single_centroid": {
        "timing": {
          "median_ms": 0.27330219745635986,
          "min_ms": 0.25904178619384766,
          "max_ms": 0.5085095763206482,
          "runs_ms": [
            0.5085095763206482,
            0.27330219745635986,
            0.26110559701919556,
            0.2990439534187317,
            0.25904178619384766
          ]
        },
        "profile": {
          "mode": "single_centroid",
          "elapsed_ms": 0.20222365856170654
        },
        "build_ms": 154.8118218779564,
        "recall": {
          "recall_at_k": 0.68,
          "top_1_agreement": 0.0,
          "mrr": 0.034482758620689655
        },
        "speedup_vs_reference": 4.3414753830216455
      },
      "multi_centroid": {
        "timing": {
          "median_ms": 0.3254935145378113,
          "min_ms": 0.3204271197319031,
          "max_ms": 0.5586370825767517,
          "runs_ms": [
            0.5586370825767517,
            0.3254935145378113,
            0.3204271197319031,
            0.33911317586898804,
            0.3231540322303772
          ]
        },
        "profile": {
          "mode": "multi_centroid_maxsim",
          "elapsed_ms": 0.2683177590370178
        },
        "recall": {
          "recall_at_k": 0.62,
          "top_1_agreement": 0.0,
          "mrr": 0.017543859649122806
        },
        "speedup_vs_reference": 3.645340719207087
      },
      "hybrid_funnel": {
        "timing": {
          "median_ms": 0.3660246729850769,
          "min_ms": 0.3514811396598816,
          "max_ms": 0.38955360651016235,
          "runs_ms": [
            0.3660246729850769,
            0.36735087633132935,
            0.3514811396598816,
            0.38955360651016235,
            0.36531686782836914
          ]
        },
        "profile": {
          "total_elapsed_ms": 0.34183263778686523,
          "tiers": [
            {
              "tier": "binary_centroid",
              "skipped": true,
              "reason": "N=1000 < 1000*1.5"
            },
            {
              "tier": "single_centroid",
              "skipped": true,
              "reason": "count=1000 < threshold"
            },
            {
              "tier": "multi_centroid_maxsim",
              "input_count": 1000,
              "output_count": 100,
              "elapsed_ms": 0.3040805459022522
            }
          ]
        },
        "build_ms": 162.37517446279526,
        "recall": {
          "recall_at_k": 0.62,
          "top_1_agreement": 0.0,
          "mrr": 0.017543859649122806
        },
        "speedup_vs_reference": 3.241679728051784
      },
      "end_to_end": {
        "timing": {
          "median_ms": 0.7918253540992737,
          "min_ms": 0.7549449801445007,
          "max_ms": 0.8194446563720703,
          "runs_ms": [
            0.8126422762870789,
            0.7549449801445007,
            0.8194446563720703,
            0.7918253540992737,
            0.7708519697189331
          ]
        },
        "recall_at_10": 0.7,
        "top_1_agreement": 1.0,
        "mrr": 1.0,
        "speedup_vs_reference": 1.4984803861606932
      }
    },
    {
      "n_docs": 5000,
      "dim": 128,
      "query_tokens": 32,
      "doc_tokens": 256,
      "candidate_budget": 100,
      "reference_maxsim": {
        "timing": {
          "median_ms": 5.408145487308502,
          "min_ms": 5.400851368904114,
          "max_ms": 5.408287048339844,
          "runs_ms": [
            5.408145487308502,
            5.408287048339844,
            5.400851368904114
          ]
        },
        "top_1_id": "doc-001375"
      },
      "single_centroid": {
        "timing": {
          "median_ms": 0.24309009313583374,
          "min_ms": 0.24031102657318115,
          "max_ms": 0.2639070153236389,
          "runs_ms": [
            0.2639070153236389,
            0.24309009313583374,
            0.24031102657318115,
            0.24943798780441284,
            0.24212151765823364
          ]
        },
        "profile": {
          "mode": "single_centroid",
          "elapsed_ms": 0.18069148063659668
        },
        "build_ms": 701.5605717897415,
        "recall": {
          "recall_at_k": 0.4,
          "top_1_agreement": 0.0,
          "mrr": 0.2
        },
        "speedup_vs_reference": 22.247494406473166
      },
      "multi_centroid": {
        "timing": {
          "median_ms": 0.31778961420059204,
          "min_ms": 0.3159865736961365,
          "max_ms": 0.3322511911392212,
          "runs_ms": [
            0.3322511911392212,
            0.31778961420059204,
            0.3159865736961365,
            0.3293827176094055,
            0.316128134727478
          ]
        },
        "profile": {
          "mode": "multi_centroid_maxsim",
          "elapsed_ms": 0.25285035371780396
        },
        "recall": {
          "recall_at_k": 0.33,
          "top_1_agreement": 0.0,
          "mrr": 0.023809523809523808
        },
        "speedup_vs_reference": 17.018005767472392
      },
      "hybrid_funnel": {
        "timing": {
          "median_ms": 0.7748827338218689,
          "min_ms": 0.7245913147926331,
          "max_ms": 0.9430050849914551,
          "runs_ms": [
            0.9430050849914551,
            0.872783362865448,
            0.7461234927177429,
            0.7748827338218689,
            0.7245913147926331
          ]
        },
        "profile": {
          "total_elapsed_ms": 0.6989836692810059,
          "tiers": [
            {
              "tier": "binary_centroid",
              "skipped": true,
              "reason": "N=5000 < 5000*1.5"
            },
            {
              "tier": "single_centroid",
              "input_count": 5000,
              "output_count": 1000,
              "elapsed_ms": 0.24668872356414795
            },
            {
              "tier": "multi_centroid_maxsim",
              "input_count": 1000,
              "output_count": 100,
              "elapsed_ms": 0.40683895349502563
            }
          ]
        },
        "build_ms": 819.8658227920532,
        "recall": {
          "recall_at_k": 0.33,
          "top_1_agreement": 0.0,
          "mrr": 0.023809523809523808
        },
        "speedup_vs_reference": 6.979308289183966
      },
      "end_to_end": {
        "timing": {
          "median_ms": 1.1880546808242798,
          "min_ms": 1.1714324355125427,
          "max_ms": 1.2379437685012817,
          "runs_ms": [
            1.2190267443656921,
            1.2379437685012817,
            1.1880546808242798,
            1.1714324355125427,
            1.1777877807617188
          ]
        },
        "recall_at_10": 0.5,
        "top_1_agreement": 1.0,
        "mrr": 1.0,
        "speedup_vs_reference": 4.552101493810282
      }
    },
    {
      "n_docs": 10000,
      "dim": 128,
      "query_tokens": 32,
      "doc_tokens": 256,
      "candidate_budget": 100,
      "reference_maxsim": {
        "timing": {
          "median_ms": 10.70607453584671,
          "min_ms": 10.69747656583786,
          "max_ms": 10.719388723373413,
          "runs_ms": [
            10.69747656583786,
            10.719388723373413,
            10.70607453584671
          ]
        },