{
  "benchmark": "screener_sandbox",
  "config": {
    "doc_counts": "100,1000,5000,10000",
    "dim": 128,
    "query_tokens": 32,
    "doc_tokens": 256,
    "candidate_budget": 100,
    "n_queries": 8,
    "output": "results.json",
    "device": "cuda"
  },
  "runs": [
    {
      "n_docs": 100,
      "dim": 128,
      "query_tokens": 32,
      "doc_tokens": 256,
      "candidate_budget": 100,
      "reference_maxsim": {
        "timing": {
          "median_ms": 0.22693723440170288,
          "min_ms": 0.20971894264221191,
          "max_ms": 0.4466027021408081,
          "runs_ms": [
            0.4466027021408081,
            0.20971894264221191,
            0.22693723440170288
          ]
        },
        "top_1_id": "doc-000052"
      },
      "single_centroid": {
        "timing": {
          "median_ms": 0.15998631715774536,
          "min_ms": 0.1535564661026001,
          "max_ms": 0.3251209855079651,
          "runs_ms": [
            0.3251209855079651,
            0.15878677368164062,
            0.16210973262786865,
            0.15998631715774536,
            0.1535564661026001
          ]
        },
        "profile": {
          "mode": "single_centroid",
          "elapsed_ms": 0.10374188423156738
        },
        "build_ms": 17.625384032726288,
        "recall": {
          "recall_at_k": 1.0,
          "top_1_agreement": 0.0,
          "mrr": 0.5
        },
        "speedup_vs_reference": 1.4184790201648583
      },
      "multi_centroid": {
        "timing": {
          "median_ms": 0.2503246068954468,
          "min_ms": 0.23437291383743286,
          "max_ms": 0.4237517714500427,
          "runs_ms": [
            0.4237517714500427,
            0.2503246068954468,
            0.24488568305969238,
            0.23437291383743286,
            0.252552330493927
          ]
        },
        "profile": {
          "mode": "multi_centroid_maxsim",
          "elapsed_ms": 0.19182264804840088
        },
        "recall": {
          "recall_at_k": 1.0,
          "top_1_agreement": 0.0,
          "mrr": 0.5
        },
        "speedup_vs_reference": 0.9065718197511756
      },
      "hybrid_funnel": {
        "timing": {
          "median_ms": 0.2411976456642151,
          "min_ms": 0.24041533470153809,
          "max_ms": 0.25609880685806274,
          "runs_ms": [
            0.25609880685806274,
            0.25081634521484375,
            0.2411976456642151,
            0.24041533470153809,
            0.24055689573287964
          ]
        },
        "profile": {
          "total_elapsed_ms": 0.22079795598983765,
          "tiers": [
            {
              "tier": "binary_hamming",
              "skipped": true,
              "reason": "N=100 < threshold"
            },
            {
              "tier": "single_centroid",
              "skipped": true,
              "reason": "count=100 < threshold"
            },
            {
              "tier": "multi_centroid_maxsim",
              "input_count": 100,
              "output_count": 100,
              "elapsed_ms": 0.18953531980514526
            }
          ]
        },
        "build_ms": 26.958338916301727,
        "recall": {
          "recall_at_k": 1.0,
          "top_1_agreement": 0.0,
          "mrr": 0.5
        },
        "speedup_vs_reference": 0.9408766564729868
      },
      "end_to_end": {
        "timing": {
          "median_ms": 0.5858540534973145,
          "min_ms": 0.5776882171630859,
          "max_ms": 0.58717280626297,
          "runs_ms": [
            0.5858540534973145,
            0.586293637752533,
            0.5776882171630859,
            0.5817338824272156,
            0.58717280626297
          ]
        },
        "recall_at_10": 1.0,
        "top_1_agreement": 1.0,
        "mrr": 1.0,
        "speedup_vs_reference": 0.3873613795910062
      }
    },
    {
      "n_docs": 1000,
      "dim": 128,
      "query_tokens": 32,
      "doc_tokens": 256,
      "candidate_budget": 100,
      "reference_maxsim": {
        "timing": {
          "median_ms": 1.1662393808364868,
          "min_ms": 1.162894070148468,
          "max_ms": 1.1669695377349854,
          "runs_ms": [
            1.1669695377349854,
            1.1662393808364868,
            1.162894070148468
          ]
        },
        "top_1_id": "doc-000986"
      },
      "single_centroid": {
        "timing": {
          "median_ms": 0.17049908638000488,
          "min_ms": 0.16717612743377686,
          "max_ms": 0.18668174743652344,
          "runs_ms": [
            0.18668174743652344,
            0.1702830195426941,
            0.184573233127594,
            0.17049908638000488,
            0.16717612743377686
          ]
        },
        "profile": {
          "mode": "single_centroid",
          "elapsed_ms": 0.11217594146728516
        },
        "build_ms": 143.6508595943451,
        "recall": {
          "recall_at_k": 0.61,
          "top_1_agreement": 1.0,
          "mrr": 1.0
        },
        "speedup_vs_reference": 6.8401503233700405
      },
      "multi_centroid": {
        "timing": {
          "median_ms": 0.25660544633865356,
          "min_ms": 0.2517327666282654,
          "max_ms": 0.27479231357574463,
          "runs_ms": [
            0.2686828374862671,
            0.25660544633865356,
            0.2538040280342102,
            0.2517327666282654,
            0.27479231357574463
          ]
        },
        "profile": {
          "mode": "multi_centroid_maxsim",
          "elapsed_ms": 0.2160966396331787
        },
        "recall": {
          "recall_at_k": 0.42,
          "top_1_agreement": 1.0,
          "mrr": 1.0
        },
        "speedup_vs_reference": 4.544873842222932
      },
      "hybrid_funnel": {
        "timing": {
          "median_ms": 0.260964035987854,
          "min_ms": 0.25828927755355835,
          "max_ms": 0.2903491258621216,
          "runs_ms": [
            0.2903491258621216,
            0.260964035987854,
            0.25828927755355835,
            0.2639368176460266,
            0.2600550651550293
          ]
        },
        "profile": {
          "total_elapsed_ms": 0.2383217215538025,
          "tiers": [
            {
              "tier": "binary_hamming",
              "skipped": true,
              "reason": "N=1000 < threshold"
            },
            {
              "tier": "single_centroid",
              "skipped": true,
              "reason": "count=1000 < threshold"
            },
            {
              "tier": "multi_centroid_maxsim",
              "input_count": 1000,
              "output_count": 100,
              "elapsed_ms": 0.2039000391960144
            }
          ]
        },
        "build_ms": 142.217755317688,
        "recall": {
          "recall_at_k": 0.42,
          "top_1_agreement": 1.0,
          "mrr": 1.0
        },
        "speedup_vs_reference": 4.468965911037515
      },
      "end_to_end": {
        "timing": {
          "median_ms": 0.6245523691177368,
          "min_ms": 0.6122514605522156,
          "max_ms": 0.6441026926040649,
          "runs_ms": [
            0.6441026926040649,
            0.6178691983222961,
            0.6245523691177368,
            0.6265118718147278,
            0.6122514605522156
          ]
        },
        "recall_at_10": 1.0,
        "top_1_agreement": 1.0,
        "mrr": 1.0,
        "speedup_vs_reference": 1.8673204017846492
      }
    },
    {
      "n_docs": 5000,
      "dim": 128,
      "query_tokens": 32,
      "doc_tokens": 256,
      "candidate_budget": 100,
      "reference_maxsim": {
        "timing": {
          "median_ms": 5.42207807302475,
          "min_ms": 5.4088979959487915,
          "max_ms": 5.4288506507873535,
          "runs_ms": [
            5.4288506507873535,
            5.42207807302475,
            5.4088979959487915
          ]
        },
        "top_1_id": "doc-004345"
      },
      "single_centroid": {
        "timing": {
          "median_ms": 0.17996877431869507,